<?xml version="1.0" encoding="UTF-8"?>
<export version="D">
  <design>
    <source>/Users/allanbrown/Documents/GitHub/ten-point-nine/Circuit/Electronic Target.sch</source>
    <date>Wednesday, February 26, 2020 at 08:38:01 PM</date>
    <tool>Eeschema (5.1.5-0-10_14)</tool>
    <sheet number="1" name="/" tstamps="/">
      <title_block>
        <title>eTarget</title>
        <company>Ten_Point_Nine</company>
        <rev>AX</rev>
        <date>2020-02-16</date>
        <source>Electronic Target.sch</source>
        <comment number="1" value=""/>
        <comment number="2" value=""/>
        <comment number="3" value=""/>
        <comment number="4" value=""/>
      </title_block>
    </sheet>
  </design>
  <components>
    <comp ref="U2">
      <value>74HC74</value>
      <footprint>Package_SO:SOIC-14_3.9x8.7mm_P1.27mm</footprint>
      <datasheet>74xx/74hc_hct74.pdf</datasheet>
      <libsource lib="74xx" part="74HC74" description="Dual D Flip-flop, Set &amp; Reset"/>
      <sheetpath names="/" tstamps="/"/>
      <tstamp>5E497DF9</tstamp>
    </comp>
    <comp ref="J1">
      <value>BERG 5x2</value>
      <footprint>Connector_PinHeader_2.54mm:PinHeader_2x05_P2.54mm_Vertical</footprint>
      <datasheet>~</datasheet>
      <libsource lib="Connector_Generic" part="Conn_2Rows-09Pins" description="Generic connector, double row, 09 pins, odd/even pin numbering scheme (row 1 odd numbers, row 2 even numbers), script generated (kicad-library-utils/schlib/autogen/connector/)"/>
      <sheetpath names="/" tstamps="/"/>
      <tstamp>5E499562</tstamp>
    </comp>
    <comp ref="U1">
      <value>LM339</value>
      <footprint>Package_SO:SOIC-14_3.9x8.7mm_P1.27mm</footprint>
      <datasheet>https://www.st.com/resource/en/datasheet/lm139.pdf</datasheet>
      <libsource lib="Comparator" part="LM339" description="Quad Differential Comparators, DIP-14/SOIC-14/SSOP-14"/>
      <sheetpath names="/" tstamps="/"/>
      <tstamp>5E4A7A03</tstamp>
    </comp>
    <comp ref="U3">
      <value>74HC74</value>
      <footprint>Package_SO:SOIC-14_3.9x8.7mm_P1.27mm</footprint>
      <datasheet>74xx/74hc_hct74.pdf</datasheet>
      <libsource lib="74xx" part="74HC74" description="Dual D Flip-flop, Set &amp; Reset"/>
      <sheetpath names="/" tstamps="/"/>
      <tstamp>5E4C8FBC</tstamp>
    </comp>
    <comp ref="U5">
      <value>74LV8154</value>
      <footprint>Package_SO:SOIC-20W_7.5x12.8mm_P1.27mm</footprint>
      <datasheet>http://www.ti.com/lit/ds/symlink/sn74lv8154.pdf</datasheet>
      <libsource lib="74xx" part="74LV8154" description="Dual 16-bit binary counter"/>
      <sheetpath names="/" tstamps="/"/>
      <tstamp>5E4DBC95</tstamp>
    </comp>
    <comp ref="U6">
      <value>74LV8154</value>
      <footprint>Package_SO:SOIC-20W_7.5x12.8mm_P1.27mm</footprint>
      <datasheet>http://www.ti.com/lit/ds/symlink/sn74lv8154.pdf</datasheet>
      <libsource lib="74xx" part="74LV8154" description="Dual 16-bit binary counter"/>
      <sheetpath names="/" tstamps="/"/>
      <tstamp>5E4DD22C</tstamp>
    </comp>
    <comp ref="X1">
      <value>8M0</value>
      <footprint>Package_DIP:DIP-8_W7.62mm</footprint>
      <datasheet>http://cdn-reichelt.de/documents/datenblatt/B400/OSZI.pdf</datasheet>
      <libsource lib="Oscillator" part="CXO_DIP8" description="Crystal Clock Oscillator, DIP8-style metal package"/>
      <sheetpath names="/" tstamps="/"/>
      <tstamp>5E4DEA13</tstamp>
    </comp>
    <comp ref="U4">
      <value>74HC00</value>
      <footprint>Package_SO:SOIC-14_3.9x8.7mm_P1.27mm</footprint>
      <datasheet>http://www.ti.com/lit/gpn/sn74hc00</datasheet>
      <libsource lib="74xx" part="74HC00" description="quad 2-input NAND gate"/>
      <sheetpath names="/" tstamps="/"/>
      <tstamp>5E4DFA3A</tstamp>
    </comp>
    <comp ref="R4">
      <value>4K7</value>
      <footprint>Resistor_SMD:R_0805_2012Metric</footprint>
      <datasheet>~</datasheet>
      <libsource lib="Device" part="R" description="Resistor"/>
      <sheetpath names="/" tstamps="/"/>
      <tstamp>5E50675D</tstamp>
    </comp>
    <comp ref="R5">
      <value>4K7</value>
      <footprint>Resistor_SMD:R_0805_2012Metric</footprint>
      <datasheet>~</datasheet>
      <libsource lib="Device" part="R" description="Resistor"/>
      <sheetpath names="/" tstamps="/"/>
      <tstamp>5E50806F</tstamp>
    </comp>
    <comp ref="R6">
      <value>4K7</value>
      <footprint>Resistor_SMD:R_0805_2012Metric</footprint>
      <datasheet>~</datasheet>
      <libsource lib="Device" part="R" description="Resistor"/>
      <sheetpath names="/" tstamps="/"/>
      <tstamp>5E509479</tstamp>
    </comp>
    <comp ref="R7">
      <value>4K7</value>
      <footprint>Resistor_SMD:R_0805_2012Metric</footprint>
      <datasheet>~</datasheet>
      <libsource lib="Device" part="R" description="Resistor"/>
      <sheetpath names="/" tstamps="/"/>
      <tstamp>5E50A682</tstamp>
    </comp>
    <comp ref="R1">
      <value>10K0</value>
      <footprint>Resistor_SMD:R_0805_2012Metric</footprint>
      <datasheet>~</datasheet>
      <libsource lib="Device" part="R" description="Resistor"/>
      <sheetpath names="/" tstamps="/"/>
      <tstamp>5EDA71BD</tstamp>
    </comp>
    <comp ref="R2">
      <value>4K7</value>
      <footprint>Resistor_SMD:R_0805_2012Metric</footprint>
      <datasheet>~</datasheet>
      <libsource lib="Device" part="R" description="Resistor"/>
      <sheetpath names="/" tstamps="/"/>
      <tstamp>5EDA7F3F</tstamp>
    </comp>
    <comp ref="C2">
      <value>10uF0</value>
      <footprint>Resistor_SMD:R_1210_3225Metric</footprint>
      <datasheet>~</datasheet>
      <libsource lib="Device" part="CP" description="Polarized capacitor"/>
      <sheetpath names="/" tstamps="/"/>
      <tstamp>5F03BF1F</tstamp>
    </comp>
    <comp ref="C1">
      <value>CP</value>
      <footprint>Resistor_SMD:R_1812_4532Metric</footprint>
      <datasheet>~</datasheet>
      <libsource lib="Device" part="CP" description="Polarized capacitor"/>
      <sheetpath names="/" tstamps="/"/>
      <tstamp>5F35C88C</tstamp>
    </comp>
    <comp ref="R3">
      <value>R</value>
      <footprint>Resistor_SMD:R_0805_2012Metric</footprint>
      <datasheet>~</datasheet>
      <libsource lib="Device" part="R" description="Resistor"/>
      <sheetpath names="/" tstamps="/"/>
      <tstamp>5F35D7E1</tstamp>
    </comp>
    <comp ref="J2">
      <value>Conn_02x04_Odd_Even</value>
      <footprint>Connector_PinHeader_2.54mm:PinHeader_2x04_P2.54mm_Vertical</footprint>
      <datasheet>~</datasheet>
      <libsource lib="Connector_Generic" part="Conn_02x04_Odd_Even" description="Generic connector, double row, 02x04, odd/even pin numbering scheme (row 1 odd numbers, row 2 even numbers), script generated (kicad-library-utils/schlib/autogen/connector/)"/>
      <sheetpath names="/" tstamps="/"/>
      <tstamp>5F479C93</tstamp>
    </comp>
    <comp ref="D1">
      <value>RED</value>
      <footprint>Resistor_SMD:R_1210_3225Metric</footprint>
      <datasheet>~</datasheet>
      <libsource lib="Device" part="LED" description="Light emitting diode"/>
      <sheetpath names="/" tstamps="/"/>
      <tstamp>5F543E6F</tstamp>
    </comp>
    <comp ref="D2">
      <value>GREEN</value>
      <footprint>Resistor_SMD:R_1210_3225Metric</footprint>
      <datasheet>~</datasheet>
      <libsource lib="Device" part="LED" description="Light emitting diode"/>
      <sheetpath names="/" tstamps="/"/>
      <tstamp>5F587F5A</tstamp>
    </comp>
    <comp ref="D3">
      <value>RED</value>
      <footprint>Resistor_SMD:R_0805_2012Metric</footprint>
      <datasheet>~</datasheet>
      <libsource lib="Device" part="LED" description="Light emitting diode"/>
      <sheetpath names="/" tstamps="/"/>
      <tstamp>5F588BB8</tstamp>
    </comp>
    <comp ref="R8">
      <value>220r</value>
      <footprint>Resistor_SMD:R_0805_2012Metric</footprint>
      <datasheet>~</datasheet>
      <libsource lib="Device" part="R" description="Resistor"/>
      <sheetpath names="/" tstamps="/"/>
      <tstamp>5F630A32</tstamp>
    </comp>
    <comp ref="R9">
      <value>220r</value>
      <footprint>Resistor_SMD:R_0805_2012Metric</footprint>
      <datasheet>~</datasheet>
      <libsource lib="Device" part="R" description="Resistor"/>
      <sheetpath names="/" tstamps="/"/>
      <tstamp>5F6318F4</tstamp>
    </comp>
    <comp ref="R10">
      <value>220r</value>
      <footprint>Resistor_SMD:R_0805_2012Metric</footprint>
      <datasheet>~</datasheet>
      <libsource lib="Device" part="R" description="Resistor"/>
      <sheetpath names="/" tstamps="/"/>
      <tstamp>5F63236D</tstamp>
    </comp>
    <comp ref="XA1">
      <value>Arduino_Mega2560_Shield</value>
      <footprint>Arduino:Arduino_Mega2560_Shield_AMB</footprint>
      <libsource lib="arduino" part="Arduino_Mega2560_Shield" description=""/>
      <sheetpath names="/" tstamps="/"/>
      <tstamp>5E539FDE</tstamp>
    </comp>
  </components>
  <libparts>
    <libpart lib="74xx" part="74LS00">
      <aliases>
        <alias>74LS37</alias>
        <alias>7400</alias>
        <alias>74HCT00</alias>
        <alias>74HC00</alias>
      </aliases>
      <description>quad 2-input NAND gate</description>
      <docs>http://www.ti.com/lit/gpn/sn74ls00</docs>
      <footprints>
        <fp>DIP*W7.62mm*</fp>
        <fp>SO14*</fp>
      </footprints>
      <fields>
        <field name="Reference">U</field>
        <field name="Value">74LS00</field>
      </fields>
      <pins>
        <pin num="1" name="~" type="input"/>
        <pin num="2" name="~" type="input"/>
        <pin num="3" name="~" type="output"/>
        <pin num="4" name="~" type="input"/>
        <pin num="5" name="~" type="input"/>
        <pin num="6" name="~" type="output"/>
        <pin num="7" name="GND" type="power_in"/>
        <pin num="8" name="~" type="output"/>
        <pin num="9" name="~" type="input"/>
        <pin num="10" name="~" type="input"/>
        <pin num="11" name="~" type="output"/>
        <pin num="12" name="~" type="input"/>
        <pin num="13" name="~" type="input"/>
        <pin num="14" name="VCC" type="power_in"/>
      </pins>
    </libpart>
    <libpart lib="74xx" part="74LS74">
      <aliases>
        <alias>74HC74</alias>
      </aliases>
      <description>Dual D Flip-flop, Set &amp; Reset</description>
      <docs>74xx/74hc_hct74.pdf</docs>
      <footprints>
        <fp>DIP*W7.62mm*</fp>
      </footprints>
      <fields>
        <field name="Reference">U</field>
        <field name="Value">74LS74</field>
      </fields>
      <pins>
        <pin num="1" name="~R" type="input"/>
        <pin num="2" name="D" type="input"/>
        <pin num="3" name="C" type="input"/>
        <pin num="4" name="~S" type="input"/>
        <pin num="5" name="Q" type="output"/>
        <pin num="6" name="~Q" type="output"/>
        <pin num="7" name="GND" type="power_in"/>
        <pin num="8" name="~Q" type="output"/>
        <pin num="9" name="Q" type="output"/>
        <pin num="10" name="~S" type="input"/>
        <pin num="11" name="C" type="input"/>
        <pin num="12" name="D" type="input"/>
        <pin num="13" name="~R" type="input"/>
        <pin num="14" name="VCC" type="power_in"/>
      </pins>
    </libpart>
    <libpart lib="74xx" part="74LV8154">
      <description>Dual 16-bit binary counter</description>
      <docs>http://www.ti.com/lit/ds/symlink/sn74lv8154.pdf</docs>
      <footprints>
        <fp>TSSOP*4.4x6.5mm*P0.65mm*</fp>
        <fp>DIP*W7.62mm*</fp>
      </footprints>
      <fields>
        <field name="Reference">U</field>
        <field name="Value">74LV8154</field>
      </fields>
      <pins>
        <pin num="1" name="CKLA" type="input"/>
        <pin num="2" name="CLKB" type="input"/>
        <pin num="3" name="~GAL" type="input"/>
        <pin num="4" name="~GAU" type="input"/>
        <pin num="5" name="~GBL" type="input"/>
        <pin num="6" name="~GBU" type="input"/>
        <pin num="7" name="RCLK" type="input"/>
        <pin num="8" name="~RCOA" type="output"/>
        <pin num="9" name="~CLKBEN" type="input"/>
        <pin num="10" name="GND" type="power_in"/>
        <pin num="11" name="~CCLR" type="input"/>
        <pin num="12" name="Y7" type="output"/>
        <pin num="13" name="Y6" type="output"/>
        <pin num="14" name="Y5" type="output"/>
        <pin num="15" name="Y4" type="output"/>
        <pin num="16" name="Y3" type="output"/>
        <pin num="17" name="Y2" type="output"/>
        <pin num="18" name="Y1" type="output"/>
        <pin num="19" name="Y0" type="output"/>
        <pin num="20" name="VCC" type="power_in"/>
      </pins>
    </libpart>
    <libpart lib="Comparator" part="LM2901">
      <aliases>
        <alias>LM339</alias>
        <alias>LMV339</alias>
      </aliases>
      <description>Quad Differential Comparators, DIP-14/SOIC-14/SSOP-14</description>
      <docs>https://www.st.com/resource/en/datasheet/lm2901.pdf</docs>
      <footprints>
        <fp>SOIC*3.9x8.7mm*P1.27mm*</fp>
        <fp>DIP*W7.62mm*</fp>
        <fp>TSSOP*4.4x5mm*P0.65mm*</fp>
        <fp>SSOP*5.3x6.2mm*P0.5mm*</fp>
      </footprints>
      <fields>
        <field name="Reference">U</field>
        <field name="Value">LM2901</field>
      </fields>
      <pins>
        <pin num="1" name="~" type="openCol"/>
        <pin num="2" name="~" type="openCol"/>
        <pin num="3" name="V+" type="power_in"/>
        <pin num="4" name="-" type="input"/>
        <pin num="5" name="+" type="input"/>
        <pin num="6" name="-" type="input"/>
        <pin num="7" name="+" type="input"/>
        <pin num="8" name="-" type="input"/>
        <pin num="9" name="+" type="input"/>
        <pin num="10" name="-" type="input"/>
        <pin num="11" name="+" type="input"/>
        <pin num="12" name="V-" type="power_in"/>
        <pin num="13" name="~" type="openCol"/>
        <pin num="14" name="~" type="openCol"/>
      </pins>
    </libpart>
    <libpart lib="Connector_Generic" part="Conn_02x04_Odd_Even">
      <description>Generic connector, double row, 02x04, odd/even pin numbering scheme (row 1 odd numbers, row 2 even numbers), script generated (kicad-library-utils/schlib/autogen/connector/)</description>
      <docs>~</docs>
      <footprints>
        <fp>Connector*:*_2x??_*</fp>
      </footprints>
      <fields>
        <field name="Reference">J</field>
        <field name="Value">Conn_02x04_Odd_Even</field>
      </fields>
      <pins>
        <pin num="1" name="Pin_1" type="passive"/>
        <pin num="2" name="Pin_2" type="passive"/>
        <pin num="3" name="Pin_3" type="passive"/>
        <pin num="4" name="Pin_4" type="passive"/>
        <pin num="5" name="Pin_5" type="passive"/>
        <pin num="6" name="Pin_6" type="passive"/>
        <pin num="7" name="Pin_7" type="passive"/>
        <pin num="8" name="Pin_8" type="passive"/>
      </pins>
    </libpart>
    <libpart lib="Connector_Generic" part="Conn_2Rows-09Pins">
      <description>Generic connector, double row, 09 pins, odd/even pin numbering scheme (row 1 odd numbers, row 2 even numbers), script generated (kicad-library-utils/schlib/autogen/connector/)</description>
      <docs>~</docs>
      <footprints>
        <fp>Connector*:*2Rows*Pins__*</fp>
        <fp>*FCC*2Rows*Pins__*</fp>
      </footprints>
      <fields>
        <field name="Reference">J</field>
        <field name="Value">Conn_2Rows-09Pins</field>
      </fields>
      <pins>
        <pin num="1" name="Pin_1" type="passive"/>
        <pin num="2" name="Pin_2" type="passive"/>
        <pin num="3" name="Pin_3" type="passive"/>
        <pin num="4" name="Pin_4" type="passive"/>
        <pin num="5" name="Pin_5" type="passive"/>
        <pin num="6" name="Pin_6" type="passive"/>
        <pin num="7" name="Pin_7" type="passive"/>
        <pin num="8" name="Pin_8" type="passive"/>
        <pin num="9" name="Pin_9" type="passive"/>
      </pins>
    </libpart>
    <libpart lib="Device" part="CP">
      <description>Polarized capacitor</description>
      <docs>~</docs>
      <footprints>
        <fp>CP_*</fp>
      </footprints>
      <fields>
        <field name="Reference">C</field>
        <field name="Value">CP</field>
      </fields>
      <pins>
        <pin num="1" name="~" type="passive"/>
        <pin num="2" name="~" type="passive"/>
      </pins>
    </libpart>
    <libpart lib="Device" part="LED">
      <description>Light emitting diode</description>
      <docs>~</docs>
      <footprints>
        <fp>LED*</fp>
        <fp>LED_SMD:*</fp>
        <fp>LED_THT:*</fp>
      </footprints>
      <fields>
        <field name="Reference">D</field>
        <field name="Value">LED</field>
      </fields>
      <pins>
        <pin num="1" name="K" type="passive"/>
        <pin num="2" name="A" type="passive"/>
      </pins>
    </libpart>
    <libpart lib="Device" part="R">
      <description>Resistor</description>
      <docs>~</docs>
      <footprints>
        <fp>R_*</fp>
      </footprints>
      <fields>
        <field name="Reference">R</field>
        <field name="Value">R</field>
      </fields>
      <pins>
        <pin num="1" name="~" type="passive"/>
        <pin num="2" name="~" type="passive"/>
      </pins>
    </libpart>
    <libpart lib="Oscillator" part="CXO_DIP8">
      <aliases>
        <alias>TFT660</alias>
      </aliases>
      <description>Crystal Clock Oscillator, DIP8-style metal package</description>
      <docs>http://cdn-reichelt.de/documents/datenblatt/B400/OSZI.pdf</docs>
      <footprints>
        <fp>Oscillator*DIP*8*</fp>
      </footprints>
      <fields>
        <field name="Reference">X</field>
        <field name="Value">CXO_DIP8</field>
        <field name="Footprint">Oscillator:Oscillator_DIP-8</field>
      </fields>
      <pins>
        <pin num="1" name="EN" type="input"/>
        <pin num="4" name="GND" type="power_in"/>
        <pin num="5" name="OUT" type="output"/>
        <pin num="8" name="Vcc" type="power_in"/>
      </pins>
    </libpart>
    <libpart lib="arduino" part="Arduino_Mega2560_Shield">
      <footprints>
        <fp>Arduino_Mega2560_Shield</fp>
      </footprints>
      <fields>
        <field name="Reference">XA</field>
        <field name="Value">Arduino_Mega2560_Shield</field>
      </fields>
      <pins>
        <pin num="3V3" name="3.3V" type="power_in"/>
        <pin num="5V1" name="5V" type="power_in"/>
        <pin num="5V2" name="SPI_5V" type="power_in"/>
        <pin num="5V3" name="5V" type="power_in"/>
        <pin num="5V4" name="5V" type="power_in"/>
        <pin num="A0" name="A0" type="BiDi"/>
        <pin num="A1" name="A1" type="BiDi"/>
        <pin num="A2" name="A2" type="BiDi"/>
        <pin num="A3" name="A3" type="BiDi"/>
        <pin num="A4" name="A4" type="BiDi"/>
        <pin num="A5" name="A5" type="BiDi"/>
        <pin num="A6" name="A6" type="BiDi"/>
        <pin num="A7" name="A7" type="BiDi"/>
        <pin num="A8" name="A8" type="BiDi"/>
        <pin num="A9" name="A9" type="BiDi"/>
        <pin num="A10" name="A10" type="BiDi"/>
        <pin num="A11" name="A11" type="BiDi"/>
        <pin num="A12" name="A12" type="BiDi"/>
        <pin num="A13" name="A13" type="BiDi"/>
        <pin num="A14" name="A14" type="BiDi"/>
        <pin num="A15" name="A15" type="BiDi"/>
        <pin num="AREF" name="AREF" type="input"/>
        <pin num="D0" name="D0_RX0" type="BiDi"/>
        <pin num="D1" name="D1_TX0" type="BiDi"/>
        <pin num="D2" name="D2_INT0" type="BiDi"/>
        <pin num="D3" name="D3_INT1" type="BiDi"/>
        <pin num="D4" name="D4" type="BiDi"/>
        <pin num="D5" name="D5" type="BiDi"/>
        <pin num="D6" name="D6" type="BiDi"/>
        <pin num="D7" name="D7" type="BiDi"/>
        <pin num="D8" name="D8" type="BiDi"/>
        <pin num="D9" name="D9" type="BiDi"/>
        <pin num="D10" name="D10" type="BiDi"/>
        <pin num="D11" name="D11" type="BiDi"/>
        <pin num="D12" name="D12" type="BiDi"/>
        <pin num="D13" name="D13" type="BiDi"/>
        <pin num="D14" name="D14_TX3" type="BiDi"/>
        <pin num="D15" name="D15_RX3" type="BiDi"/>
        <pin num="D16" name="D16_TX2" type="BiDi"/>
        <pin num="D17" name="D17_RX2" type="BiDi"/>
        <pin num="D18" name="D18_TX1" type="BiDi"/>
        <pin num="D19" name="D19_RX1" type="BiDi"/>
        <pin num="D20" name="D20_SDA" type="BiDi"/>
        <pin num="D21" name="D21_SCL" type="BiDi"/>
        <pin num="D22" name="D22" type="BiDi"/>
        <pin num="D23" name="D23" type="BiDi"/>
        <pin num="D24" name="D24" type="BiDi"/>
        <pin num="D25" name="D25" type="BiDi"/>
        <pin num="D26" name="D26" type="BiDi"/>
        <pin num="D27" name="D27" type="BiDi"/>
        <pin num="D28" name="D28" type="BiDi"/>
        <pin num="D29" name="D29" type="BiDi"/>
        <pin num="D30" name="D30" type="BiDi"/>
        <pin num="D31" name="D31" type="BiDi"/>
        <pin num="D32" name="D32" type="BiDi"/>
        <pin num="D33" name="D33" type="BiDi"/>
        <pin num="D34" name="D34" type="BiDi"/>
        <pin num="D35" name="D35" type="BiDi"/>
        <pin num="D36" name="D36" type="BiDi"/>
        <pin num="D37" name="D37" type="BiDi"/>
        <pin num="D38" name="D38" type="BiDi"/>
        <pin num="D39" name="D39" type="BiDi"/>
        <pin num="D40" name="D40" type="BiDi"/>
        <pin num="D41" name="D41" type="BiDi"/>
        <pin num="D42" name="D42" type="BiDi"/>
        <pin num="D43" name="D43" type="BiDi"/>
        <pin num="D44" name="D44" type="BiDi"/>
        <pin num="D45" name="D45" type="BiDi"/>
        <pin num="D46" name="D46" type="BiDi"/>
        <pin num="D47" name="D47" type="BiDi"/>
        <pin num="D48" name="D48" type="BiDi"/>
        <pin num="D49" name="D49" type="BiDi"/>
        <pin num="D50" name="D50" type="BiDi"/>
        <pin num="D51" name="D51" type="BiDi"/>
        <pin num="D52" name="D52" type="BiDi"/>
        <pin num="D53" name="D53_SS" type="BiDi"/>
        <pin num="GND1" name="GND" type="power_in"/>
        <pin num="GND2" name="GND" type="power_in"/>
        <pin num="GND3" name="GND" type="power_in"/>
        <pin num="GND4" name="SPI_GND" type="power_in"/>
        <pin num="GND5" name="GND" type="power_in"/>
        <pin num="GND6" name="GND" type="power_in"/>
        <pin num="IORF" name="IOREF" type="output"/>
        <pin num="MISO" name="SPI_MISO" type="input"/>
        <pin num="MOSI" name="SPI_MOSI" type="output"/>
        <pin num="RST1" name="RESET" type="openCol"/>
        <pin num="RST2" name="SPI_RESET" type="openCol"/>
        <pin num="SCK" name="SPI_SCK" type="output"/>
        <pin num="SCL" name="SCL" type="BiDi"/>
        <pin num="SDA" name="SDA" type="BiDi"/>
        <pin num="VIN" name="VIN" type="power_in"/>
      </pins>
    </libpart>
  </libparts>
  <libraries>
    <library logical="74xx">
      <uri>/Applications/KiCad/kicad-symbols-master/74xx.lib</uri>
    </library>
    <library logical="Comparator">
      <uri>/Applications/KiCad/kicad-symbols-master/Comparator.lib</uri>
    </library>
    <library logical="Connector_Generic">
      <uri>/Applications/KiCad/kicad-symbols-master/Connector_Generic.lib</uri>
    </library>
    <library logical="Device">
      <uri>/Applications/KiCad/kicad-symbols-master/Device.lib</uri>
    </library>
    <library logical="Oscillator">
      <uri>/Applications/KiCad/kicad-symbols-master/Oscillator.lib</uri>
    </library>
    <library logical="arduino">
      <uri>/Applications/KiCad/arduino.lib</uri>
    </library>
  </libraries>
  <nets>
    <net code="1" name="Net-(R4-Pad2)">
      <node ref="U2" pin="4"/>
      <node ref="R4" pin="2"/>
      <node ref="U1" pin="2"/>
    </net>
    <net code="2" name="Net-(U2-Pad6)">
      <node ref="U2" pin="6"/>
    </net>
    <net code="3" name="Net-(J1-Pad9)">
      <node ref="J1" pin="9"/>
    </net>
    <net code="4" name="Net-(R5-Pad2)">
      <node ref="R5" pin="2"/>
      <node ref="U2" pin="10"/>
      <node ref="U1" pin="1"/>
    </net>
    <net code="5" name="Net-(U2-Pad8)">
      <node ref="U2" pin="8"/>
    </net>
    <net code="6" name="Net-(R6-Pad2)">
      <node ref="R6" pin="2"/>
      <node ref="U1" pin="13"/>
      <node ref="U3" pin="4"/>
    </net>
    <net code="7" name="Net-(U3-Pad6)">
      <node ref="U3" pin="6"/>
    </net>
    <net code="8" name="Net-(R7-Pad2)">
      <node ref="R7" pin="2"/>
      <node ref="U3" pin="10"/>
      <node ref="U1" pin="14"/>
    </net>
    <net code="9" name="Net-(U2-Pad11)">
      <node ref="U2" pin="11"/>
      <node ref="U3" pin="2"/>
      <node ref="U3" pin="3"/>
      <node ref="U2" pin="12"/>
      <node ref="U3" pin="11"/>
      <node ref="U3" pin="12"/>
      <node ref="U2" pin="2"/>
      <node ref="U2" pin="3"/>
    </net>
    <net code="10" name="Net-(U3-Pad8)">
      <node ref="U3" pin="8"/>
    </net>
    <net code="11" name="/RUN_WEST">
      <node ref="U4" pin="12"/>
      <node ref="XA1" pin="D28"/>
      <node ref="U3" pin="9"/>
    </net>
    <net code="12" name="Net-(U5-Pad8)">
      <node ref="U5" pin="8"/>
    </net>
    <net code="13" name="Net-(U6-Pad8)">
      <node ref="U6" pin="8"/>
    </net>
    <net code="14" name="Net-(U4-Pad3)">
      <node ref="U4" pin="3"/>
      <node ref="U5" pin="1"/>
    </net>
    <net code="15" name="Net-(U4-Pad6)">
      <node ref="U4" pin="6"/>
      <node ref="U5" pin="2"/>
    </net>
    <net code="16" name="Net-(U4-Pad8)">
      <node ref="U4" pin="8"/>
      <node ref="U6" pin="1"/>
    </net>
    <net code="17" name="Net-(U4-Pad10)">
      <node ref="U4" pin="13"/>
      <node ref="U4" pin="10"/>
      <node ref="U4" pin="5"/>
      <node ref="U4" pin="2"/>
      <node ref="X1" pin="5"/>
    </net>
    <net code="18" name="Net-(U4-Pad11)">
      <node ref="U4" pin="11"/>
      <node ref="U6" pin="2"/>
    </net>
    <net code="19" name="GND">
      <node ref="U6" pin="9"/>
      <node ref="X1" pin="1"/>
      <node ref="X1" pin="4"/>
      <node ref="XA1" pin="GND5"/>
      <node ref="XA1" pin="GND3"/>
      <node ref="XA1" pin="GND2"/>
      <node ref="XA1" pin="GND1"/>
      <node ref="U6" pin="10"/>
      <node ref="U5" pin="9"/>
      <node ref="U5" pin="10"/>
      <node ref="R2" pin="2"/>
      <node ref="C2" pin="2"/>
      <node ref="J2" pin="7"/>
      <node ref="J2" pin="5"/>
      <node ref="C1" pin="2"/>
      <node ref="J2" pin="3"/>
      <node ref="J2" pin="1"/>
    </net>
    <net code="20" name="VCC">
      <node ref="J1" pin="1"/>
      <node ref="J1" pin="3"/>
      <node ref="C2" pin="1"/>
      <node ref="R7" pin="1"/>
      <node ref="R1" pin="1"/>
      <node ref="R6" pin="1"/>
      <node ref="R5" pin="1"/>
      <node ref="R4" pin="1"/>
      <node ref="R8" pin="1"/>
      <node ref="R9" pin="1"/>
      <node ref="R10" pin="1"/>
      <node ref="J1" pin="5"/>
      <node ref="J1" pin="7"/>
      <node ref="U5" pin="20"/>
      <node ref="XA1" pin="5V1"/>
      <node ref="XA1" pin="5V3"/>
      <node ref="XA1" pin="5V4"/>
      <node ref="U6" pin="20"/>
      <node ref="X1" pin="8"/>
    </net>
    <net code="21" name="/MIC_NORTH">
      <node ref="U1" pin="4"/>
      <node ref="J1" pin="2"/>
    </net>
    <net code="22" name="/MIC_EAST">
      <node ref="J1" pin="4"/>
      <node ref="U1" pin="6"/>
    </net>
    <net code="23" name="/MIC_SOUTH">
      <node ref="J1" pin="6"/>
      <node ref="U1" pin="10"/>
    </net>
    <net code="24" name="/MIC_WEST">
      <node ref="J1" pin="8"/>
      <node ref="U1" pin="8"/>
    </net>
    <net code="25" name="/STOP*">
      <node ref="U2" pin="1"/>
      <node ref="XA1" pin="D52"/>
      <node ref="U2" pin="13"/>
      <node ref="U3" pin="1"/>
      <node ref="U3" pin="13"/>
    </net>
    <net code="26" name="/NORTH_LO*">
      <node ref="XA1" pin="D51"/>
      <node ref="U5" pin="3"/>
    </net>
    <net code="27" name="/NORTH_HI*">
      <node ref="U5" pin="4"/>
      <node ref="XA1" pin="D50"/>
    </net>
    <net code="28" name="/EAST_LO*">
      <node ref="XA1" pin="D49"/>
      <node ref="U5" pin="5"/>
    </net>
    <net code="29" name="/EAST_HI*">
      <node ref="U5" pin="6"/>
      <node ref="XA1" pin="D48"/>
    </net>
    <net code="30" name="/SOUTH_LO*">
      <node ref="XA1" pin="D47"/>
      <node ref="U6" pin="3"/>
    </net>
    <net code="31" name="/SOUTH_HI*">
      <node ref="U6" pin="4"/>
      <node ref="XA1" pin="D43"/>
    </net>
    <net code="32" name="/WEST_LO*">
      <node ref="XA1" pin="D42"/>
      <node ref="U6" pin="5"/>
    </net>
    <net code="33" name="/WEST_HI*">
      <node ref="XA1" pin="D41"/>
      <node ref="U6" pin="6"/>
    </net>
    <net code="34" name="/READ*">
      <node ref="U5" pin="7"/>
      <node ref="XA1" pin="D40"/>
      <node ref="U6" pin="7"/>
    </net>
    <net code="35" name="/CLR*">
      <node ref="U6" pin="11"/>
      <node ref="XA1" pin="D39"/>
      <node ref="U5" pin="11"/>
    </net>
    <net code="36" name="/D0">
      <node ref="U6" pin="19"/>
      <node ref="U5" pin="19"/>
      <node ref="XA1" pin="D37"/>
    </net>
    <net code="37" name="/D1">
      <node ref="U6" pin="18"/>
      <node ref="U5" pin="18"/>
      <node ref="XA1" pin="D36"/>
    </net>
    <net code="38" name="/D2">
      <node ref="U6" pin="17"/>
      <node ref="U5" pin="17"/>
      <node ref="XA1" pin="D35"/>
    </net>
    <net code="39" name="/D3">
      <node ref="XA1" pin="D34"/>
      <node ref="U6" pin="16"/>
      <node ref="U5" pin="16"/>
    </net>
    <net code="40" name="/D4">
      <node ref="U5" pin="15"/>
      <node ref="U6" pin="15"/>
      <node ref="XA1" pin="D33"/>
    </net>
    <net code="41" name="/D5">
      <node ref="U5" pin="14"/>
      <node ref="XA1" pin="D32"/>
      <node ref="U6" pin="14"/>
    </net>
    <net code="42" name="/D6">
      <node ref="U5" pin="13"/>
      <node ref="XA1" pin="D31"/>
      <node ref="U6" pin="13"/>
    </net>
    <net code="43" name="/D7">
      <node ref="XA1" pin="D30"/>
      <node ref="U5" pin="12"/>
      <node ref="U6" pin="12"/>
    </net>
    <net code="44" name="/RUN_SOUTH">
      <node ref="XA1" pin="D27"/>
      <node ref="U3" pin="5"/>
      <node ref="U4" pin="9"/>
    </net>
    <net code="45" name="/RUN_EAST">
      <node ref="U4" pin="4"/>
      <node ref="U2" pin="9"/>
      <node ref="XA1" pin="D26"/>
    </net>
    <net code="46" name="/RUN_NORTH">
      <node ref="U4" pin="1"/>
      <node ref="U2" pin="5"/>
      <node ref="XA1" pin="D25"/>
    </net>
    <net code="47" name="/VREF">
      <node ref="XA1" pin="D45"/>
      <node ref="R3" pin="1"/>
    </net>
    <net code="48" name="Net-(J2-Pad2)">
      <node ref="J2" pin="2"/>
      <node ref="XA1" pin="D9"/>
    </net>
    <net code="49" name="Net-(J2-Pad4)">
      <node ref="J2" pin="4"/>
      <node ref="XA1" pin="D10"/>
    </net>
    <net code="50" name="Net-(J2-Pad6)">
      <node ref="XA1" pin="D11"/>
      <node ref="J2" pin="6"/>
    </net>
    <net code="51" name="Net-(J2-Pad8)">
      <node ref="XA1" pin="D12"/>
      <node ref="J2" pin="8"/>
    </net>
    <net code="52" name="/V_FB">
      <node ref="C1" pin="1"/>
      <node ref="XA1" pin="A0"/>
      <node ref="U1" pin="9"/>
      <node ref="U1" pin="11"/>
      <node ref="U1" pin="7"/>
      <node ref="U1" pin="5"/>
      <node ref="R3" pin="2"/>
      <node ref="R1" pin="2"/>
      <node ref="R2" pin="1"/>
    </net>
    <net code="53" name="Net-(D3-Pad1)">
      <node ref="D3" pin="1"/>
      <node ref="XA1" pin="D2"/>
    </net>
    <net code="54" name="Net-(D2-Pad1)">
      <node ref="D2" pin="1"/>
      <node ref="XA1" pin="D3"/>
    </net>
    <net code="55" name="Net-(D1-Pad1)">
      <node ref="D1" pin="1"/>
      <node ref="XA1" pin="D4"/>
    </net>
    <net code="56" name="Net-(D1-Pad2)">
      <node ref="D1" pin="2"/>
      <node ref="R8" pin="2"/>
    </net>
    <net code="57" name="Net-(D2-Pad2)">
      <node ref="R9" pin="2"/>
      <node ref="D2" pin="2"/>
    </net>
    <net code="58" name="Net-(D3-Pad2)">
      <node ref="D3" pin="2"/>
      <node ref="R10" pin="2"/>
    </net>
    <net code="60" name="Net-(XA1-PadD0)">
      <node ref="XA1" pin="D0"/>
    </net>
    <net code="61" name="Net-(XA1-PadA1)">
      <node ref="XA1" pin="A1"/>
    </net>
    <net code="62" name="Net-(XA1-PadD1)">
      <node ref="XA1" pin="D1"/>
    </net>
    <net code="63" name="Net-(XA1-PadA2)">
      <node ref="XA1" pin="A2"/>
    </net>
    <net code="64" name="Net-(XA1-PadA3)">
      <node ref="XA1" pin="A3"/>
    </net>
    <net code="65" name="Net-(XA1-PadA4)">
      <node ref="XA1" pin="A4"/>
    </net>
    <net code="66" name="Net-(XA1-PadA5)">
      <node ref="XA1" pin="A5"/>
    </net>
    <net code="67" name="Net-(XA1-PadD5)">
      <node ref="XA1" pin="D5"/>
    </net>
    <net code="68" name="Net-(XA1-PadA6)">
      <node ref="XA1" pin="A6"/>
    </net>
    <net code="69" name="Net-(XA1-PadD6)">
      <node ref="XA1" pin="D6"/>
    </net>
    <net code="70" name="Net-(XA1-PadA7)">
      <node ref="XA1" pin="A7"/>
    </net>
    <net code="71" name="Net-(XA1-PadD7)">
      <node ref="XA1" pin="D7"/>
    </net>
    <net code="72" name="Net-(XA1-PadA8)">
      <node ref="XA1" pin="A8"/>
    </net>
    <net code="73" name="Net-(XA1-PadD8)">
      <node ref="XA1" pin="D8"/>
    </net>
    <net code="74" name="Net-(XA1-PadA9)">
      <node ref="XA1" pin="A9"/>
    </net>
    <net code="75" name="Net-(XA1-PadA10)">
      <node ref="XA1" pin="A10"/>
    </net>
    <net code="76" name="Net-(XA1-PadD20)">
      <node ref="XA1" pin="D20"/>
    </net>
    <net code="77" name="Net-(XA1-PadA11)">
      <node ref="XA1" pin="A11"/>
    </net>
    <net code="78" name="Net-(XA1-PadD21)">
      <node ref="XA1" pin="D21"/>
    </net>
    <net code="79" name="Net-(XA1-PadA12)">
      <node ref="XA1" pin="A12"/>
    </net>
    <net code="80" name="Net-(XA1-PadD22)">
      <node ref="XA1" pin="D22"/>
    </net>
    <net code="81" name="Net-(XA1-Pad5V2)">
      <node ref="XA1" pin="5V2"/>
    </net>
    <net code="82" name="Net-(XA1-PadA13)">
      <node ref="XA1" pin="A13"/>
    </net>
    <net code="83" name="Net-(XA1-PadD13)">
      <node ref="XA1" pin="D13"/>
    </net>
    <net code="84" name="Net-(XA1-PadD23)">
      <node ref="XA1" pin="D23"/>
    </net>
    <net code="85" name="Net-(XA1-PadD53)">
      <node ref="XA1" pin="D53"/>
    </net>
    <net code="86" name="Net-(XA1-Pad3V3)">
      <node ref="XA1" pin="3V3"/>
    </net>
    <net code="87" name="Net-(XA1-PadA14)">
      <node ref="XA1" pin="A14"/>
    </net>
    <net code="88" name="Net-(XA1-PadD14)">
      <node ref="XA1" pin="D14"/>
    </net>
    <net code="89" name="Net-(XA1-PadD24)">
      <node ref="XA1" pin="D24"/>
    </net>
    <net code="90" name="Net-(XA1-PadD44)">
      <node ref="XA1" pin="D44"/>
    </net>
    <net code="91" name="Net-(XA1-PadA15)">
      <node ref="XA1" pin="A15"/>
    </net>
    <net code="92" name="Net-(XA1-PadD15)">
      <node ref="XA1" pin="D15"/>
    </net>
    <net code="93" name="Net-(XA1-PadD16)">
      <node ref="XA1" pin="D16"/>
    </net>
    <net code="94" name="Net-(XA1-PadD46)">
      <node ref="XA1" pin="D46"/>
    </net>
    <net code="95" name="Net-(XA1-PadD17)">
      <node ref="XA1" pin="D17"/>
    </net>
    <net code="96" name="Net-(XA1-PadD18)">
      <node ref="XA1" pin="D18"/>
    </net>
    <net code="97" name="Net-(XA1-PadD38)">
      <node ref="XA1" pin="D38"/>
    </net>
    <net code="98" name="Net-(XA1-PadD19)">
      <node ref="XA1" pin="D19"/>
    </net>
    <net code="99" name="Net-(XA1-PadD29)">
      <node ref="XA1" pin="D29"/>
    </net>
    <net code="100" name="Net-(XA1-PadSDA)">
      <node ref="XA1" pin="SDA"/>
    </net>
    <net code="101" name="Net-(XA1-PadSCK)">
      <node ref="XA1" pin="SCK"/>
    </net>
    <net code="102" name="Net-(XA1-PadSCL)">
      <node ref="XA1" pin="SCL"/>
    </net>
    <net code="103" name="Net-(XA1-PadVIN)">
      <node ref="XA1" pin="VIN"/>
    </net>
    <net code="104" name="Net-(XA1-PadRST1)">
      <node ref="XA1" pin="RST1"/>
    </net>
    <net code="105" name="Net-(XA1-PadRST2)">
      <node ref="XA1" pin="RST2"/>
    </net>
    <net code="106" name="Net-(XA1-PadGND4)">
      <node ref="XA1" pin="GND4"/>
    </net>
    <net code="107" name="Net-(XA1-PadGND6)">
      <node ref="XA1" pin="GND6"/>
    </net>
    <net code="108" name="Net-(XA1-PadAREF)">
      <node ref="XA1" pin="AREF"/>
    </net>
    <net code="109" name="Net-(XA1-PadIORF)">
      <node ref="XA1" pin="IORF"/>
    </net>
    <net code="110" name="Net-(XA1-PadMOSI)">
      <node ref="XA1" pin="MOSI"/>
    </net>
    <net code="111" name="Net-(XA1-PadMISO)">
      <node ref="XA1" pin="MISO"/>
    </net>
  </nets>
</export>
